{"cameraMode":{"drawMode":0,"name":"Shaded","section":"Shading Mode"},"sceneLighting":true,"audioPlay":false,"sceneViewState":{"showFog":true,"showMaterialUpdate":false,"showSkybox":true,"showFlares":true,"showImageEffects":true,"showParticleSystems":true},"in2DMode":false,"pivot":{"x":-8.181733131408692,"y":0.9258202314376831,"z":-14.918037414550782},"rotation":{"x":-0.1347455233335495,"y":0.8467109799385071,"z":-0.2552628517150879,"w":-0.4469585716724396},"size":100.0124282836914,"orthographic":false}