{"cameraMode":{"drawMode":0,"name":"Shaded","section":"Shading Mode"},"sceneLighting":true,"audioPlay":false,"sceneViewState":{"showFog":true,"showMaterialUpdate":false,"showSkybox":true,"showFlares":true,"showImageEffects":true,"showParticleSystems":true},"in2DMode":false,"pivot":{"x":13.151512145996094,"y":1.357783555984497,"z":9.626285552978516},"rotation":{"x":0.15524493157863618,"y":0.8245219588279724,"z":-0.27142301201820376,"w":0.47163325548171999},"size":0.9734329581260681,"orthographic":false}