{"cameraMode":{"drawMode":0,"name":"Shaded","section":"Shading Mode"},"sceneLighting":true,"audioPlay":false,"sceneViewState":{"showFog":true,"showMaterialUpdate":false,"showSkybox":true,"showFlares":true,"showImageEffects":true,"showParticleSystems":true},"in2DMode":false,"pivot":{"x":-8.181733131408692,"y":0.9258202314376831,"z":-14.918037414550782},"rotation":{"x":-0.1052713692188263,"y":0.8822134137153626,"z":-0.23592567443847657,"w":-0.39365383982658389},"size":3.3734323978424074,"orthographic":false}